app,price_verified,eff_per_mo,us_ios_rating,offline,community_reports,stocking,ais,top_complaint,our_edge
Fishbrain,$9.99-12.99/mo or $79.99/yr,$6.67-12.99,4.7 (62.9K),No,Public-by-default; exact locations paywalled,No,No,Years of paywall creep,3-4x cheaper; privacy-first; never retro-paywall
FishAngler,$6.99/mo or $49.99/yr,$4.17-6.99,4.8 (14K) sentiment collapsing,Yes (2025),Binary privacy,No,No,v5 paywalled free bite times,Churn window is NOW
ANGLR,$29.99/yr annual-only,~$2.50,4.2 (632),Yes,Minimal,No,No,Dying company 11->4 staff,Price band validated; inherit refugees
FishDope,$199/yr annual-only no trial,$16.58,3.8-4.1 (21-30 ratings),Yes,No community feed,No (zero freshwater),No,Stale inshore; refused monthly for a decade,Half price Offshore tier; serve who they ignore
Bloodydecks,Free forum (same owner as FishDope),$0,No app,No,Public forever,Thin,No,Gatekeeping culture,Structure + privacy + welcome + native app
Navionics,$49.99-99.99/yr,$4.17-8.33,2.9 (2.3K),Yes,Boating POIs only,No,HW-gated,+233% hikes since 2020,No-surprise-hikes positioning
Fishing Points,$9.99/mo or $39.99/yr,$3.33-9.99,4.7 (30K),Premium partial,Closed-loop only,No,No,Solunar forecast distrusted,Community-observed ratings; CA regs gap
Windy,$24.99/yr,$2.08,4.8 (77K),No,No,No,No,Learning curve,Not a rival; data-source model
MarineTraffic,Mobile Pro $4.99/mo + per-vessel fees,varies,4.7 (65K),n/a,n/a,n/a,Yes shipping-first,Nickel-and-dime + stale satellite,Flat angler AIS tier
VesselFinder,Free to $139/mo satellite,varies,3.6 (132),n/a,n/a,n/a,Yes,Scam anger; days-old data,Same — angler AIS category doesn't exist
